1,Treasurer,"Ladarius Nicolas",abner62@hotmail.com,+1.575.931.5392
2,Councilor,"Prof. Bonnie Ward II",earl.boehm@macejkovic.biz,"(352) 471-6177"
3,Secretary,"Prof. Golda Kozey",brooks.walsh@yahoo.com,"(517) 415-4150"
4,Secretary,"Dr. Deangelo Dooley",pfannerstill.nils@bernhard.info,"(843) 349-6202"
5,Treasurer,"Prof. Keven Swaniawski DVM",delia83@torp.com,817-415-3769
6,Councilor,"Mrs. Violet Hessel I",towne.danielle@gmail.com,+17473004199
7,Capitan,"Frederique Runolfsson",strosin.citlalli@bartell.com,475.660.3052
8,Treasurer,"Clemmie Bernier",makayla.ferry@paucek.org,+1-234-591-5313
9,Capitan,"Prof. Morris Turcotte",hobart.beer@hotmail.com,+1-469-580-0941
10,Capitan,"Prof. Holly Hackett I",aaliyah63@yahoo.com,+1.678.435.9775
11,"Sk chairman","Mrs. Jane Heathcote",ricardo.block@murazik.net,"+1 (559) 553-5095"
12,"Sk chairman","Domenick Becker",nienow.joel@prohaska.com,+1-317-649-6766
13,Secretary,"Jeffrey Heaney",lnolan@rippin.info,724-376-4014
14,Treasurer,"Ms. Lila Jones",grunte@prohaska.com,+1-574-507-8076
15,Treasurer,"Gregorio Hodkiewicz",pkoss@hotmail.com,+1-484-636-6355
16,Treasurer,"Mrs. Alanna VonRueden",andreane63@gmail.com,520-601-2343
17,Treasurer,"Arnold Hudson II",wschowalter@hotmail.com,+1-808-869-6423
18,Capitan,"Bettye Wiegand",glakin@hotmail.com,1-601-858-4088
19,"Sk chairman","Prof. Carlos Watsica",xshanahan@gmail.com,1-732-506-0479
20,Capitan,"Edd Rippin",ebert.tristin@yahoo.com,+1-732-999-6847
21,Secretary,"Amani Dicki",maegan.prohaska@gmail.com,+1.312.738.2818
22,Councilor,"Dimitri Murray",considine.tina@hotmail.com,+1-534-324-4671
23,Councilor,"Dr. Deborah Harber",janelle12@yahoo.com,1-678-870-9812
24,Treasurer,"Raquel Abshire",pauline.schimmel@becker.org,+1.585.973.9138
25,Secretary,"Prof. Mohammed Ankunding",sporer.edgardo@turner.com,765-650-3720
26,"Sk chairman","Celia Roberts",jakubowski.johanna@adams.com,531-695-5429
27,Treasurer,"Gunner Homenick I",rhahn@fay.com,1-269-822-8584
28,Treasurer,"Jett Quigley",mertz.guiseppe@gmail.com,219-744-6988
29,Councilor,"Loma Bartoletti",qgutmann@hotmail.com,+16603843004
30,Councilor,"Kelly Jenkins",athena32@yahoo.com,+17203802064
31,Secretary,"Dana Wolf",chudson@hotmail.com,"+1 (940) 547-3017"
32,Treasurer,"Dr. Viva Leannon",earline.gusikowski@gleason.com,571-937-0279
33,Councilor,"Kyla Hagenes",aufderhar.leland@osinski.com,+17853876274
34,Secretary,"Michale Tromp",wraynor@quitzon.info,+1-305-203-2966
35,Councilor,"Prof. Alfredo Bartoletti",aylin.blanda@fadel.com,+1.640.339.4438
36,"Sk chairman","Brady Padberg",vito.funk@hotmail.com,862.308.1405
37,Secretary,"Lavonne Schulist IV",ihintz@gulgowski.com,"(360) 429-7929"
38,Treasurer,"Kyla Murray",dolly73@yahoo.com,424.542.0500
39,Treasurer,"Yasmin Pouros",pkling@gmail.com,"+1 (248) 787-4199"
40,Capitan,"Hilbert Bailey",doris.bogisich@ritchie.biz,516.755.6264
41,Treasurer,"Francesco Hegmann",xflatley@yahoo.com,+1.423.319.4925
42,Capitan,"Wilson Hansen",nico.effertz@hilpert.info,"(628) 740-7190"
43,Secretary,"Albin Fritsch",willa38@yahoo.com,1-337-987-5901
44,Councilor,"Prof. Esmeralda Gottlieb",terrill10@hotmail.com,+1.267.713.7132
45,Treasurer,"Savanna Hyatt",cordia.maggio@johnson.com,"+1 (878) 664-4405"
46,Secretary,"Everardo Fadel",maud.williamson@yahoo.com,"(989) 797-5997"
47,Capitan,"Prof. Issac Armstrong III",marty53@jacobs.net,+1-585-495-2984
48,Capitan,"Mrs. Alisha Swaniawski Sr.",hsatterfield@hotmail.com,1-769-304-4053
49,Councilor,"Golda Wyman",rkoss@hotmail.com,219.340.4278
50,Secretary,"Rahul Dicki",anderson.paolo@stanton.net,"(540) 726-7082"
